variant,operation,concurrency,samples_per_round,p50_ns_median,p50_ns_min,p50_ns_max,p95_ns_median,p95_ns_min,p95_ns_max,allocations_per_sample,allocated_bytes_per_sample
baseline,builtin_cold_parse_owned,1,1,19684875,19138375,21105500,19684875,19138375,21105500,113067.00,34237122.00
baseline,builtin_warm_owned,1,1024,15453042,15109375,15550666,17169292,15830250,18047084,113067.00,34237122.00
baseline,build_one_profile_mock_transport,1,1024,3333,3333,3500,4042,4000,4291,84.00,9526.00
baseline,baseline_arc_clone_drop,1,1024,4,4,4,5,4,5,0.00,0.00
baseline,live_resolve,1,1024,417,417,458,542,541,542,11.00,168.00
baseline,shared_prepare,1,1024,9667,9542,9708,11584,11500,11667,95.00,34130.00
baseline,shared_complete,1,1024,20750,20708,20917,24417,24000,24708,199.00,42767.00
baseline,shared_prepare,16,16384,10291,10000,10459,21375,14500,21416,95.00,34130.00
baseline,shared_complete,16,16384,22125,21500,22583,46792,38750,47291,199.00,42767.00
baseline,shared_prepare,64,65536,10500,10417,10583,20792,20750,21542,95.00,34130.00
baseline,shared_complete,64,65536,22584,22500,22667,46083,45875,47500,199.00,42767.00
optimized,builtin_cold_parse_borrowed,1,1,17931375,16683750,18342917,17931375,16683750,18342917,113067.00,34237122.00
optimized,builtin_warm_borrowed,1,1024,2,1,2,2,2,2,0.00,0.00
optimized,builtin_warm_owned,1,1024,417667,380167,420541,479708,443250,487042,10510.00,1102702.00
optimized,build_one_profile_mock_transport,1,1024,3292,3125,3333,3792,3417,4083,82.00,8073.00
optimized,client_clone_drop,1,1024,5,5,5,6,5,6,0.00,0.00
optimized,snapshot_capture_drop,1,1024,22,21,22,25,22,27,0.00,0.00
optimized,snapshot_resolve,1,1024,458,417,459,542,541,583,11.00,168.00
optimized,live_resolve,1,1024,458,417,459,542,500,583,11.00,168.00
optimized,shared_prepare,1,1024,10791,10084,10875,12833,12125,13000,95.00,34354.00
optimized,shared_complete,1,1024,23291,21792,23583,26458,25083,27667,199.00,42991.00
optimized,shared_prepare,16,16384,11333,10750,11334,21625,15583,22833,95.00,34354.00
optimized,shared_complete,16,16384,24083,22958,24208,47042,32875,49500,199.00,42991.00
optimized,shared_prepare,64,65536,11917,11166,12166,22417,22125,22625,95.00,34354.00
optimized,shared_complete,64,65536,25417,23833,25750,48375,47959,49083,199.00,42991.00
