operation,workers,before_p50_ns,after_p50_ns,p50_change_percent,before_p95_ns,after_p95_ns,before_allocations,after_allocations,before_allocated_bytes,after_allocated_bytes
simple_prepare,1,8292.0,6959.0,-16.08,10125.0,8708.0,83.0,83.0,31446.0,10841.0
history_16_x4096_prepare,1,44167.0,37541.0,-15.0,50709.0,44875.0,195.0,195.0,237649.0,157177.0
history_128_x4096_prepare,1,278708.0,257458.0,-7.62,368583.0,314167.0,985.0,985.0,1722881.0,1228457.0
tools_16_x20fields_prepare,1,232375.0,61250.0,-73.64,256667.0,67375.0,3057.0,404.0,330619.0,146115.0
tools_64_x20fields_prepare,1,894375.0,213125.0,-76.17,958625.0,238291.0,11939.0,1318.0,1226971.0,547971.0
schema_1_prepare,1,38375.0,9959.0,-74.05,48916.0,12208.0,421.0,97.0,57882.0,13539.0
schema_1_compile,1,5375.0,5500.0,2.33,6750.0,6708.0,75.0,75.0,5038.0,5038.0
schema_1_cached_validate,1,41.0,41.0,0.0,42.0,42.0,0.0,0.0,0.0,0.0
schema_50_prepare,1,401625.0,76250.0,-81.01,446625.0,87083.0,4577.0,493.0,398510.0,54362.0
schema_50_compile,1,68583.0,70750.0,3.16,79084.0,79000.0,970.0,970.0,69899.0,69899.0
schema_50_cached_validate,1,1209.0,1167.0,-3.47,1584.0,1458.0,0.0,0.0,0.0,0.0
schema_200_prepare,1,1527625.0,315042.0,-79.38,1644959.0,368292.0,17191.0,1695.0,1451206.0,181792.0
schema_200_prepare,16,2139416.0,320542.0,-85.02,12637625.0,1790167.0,17191.0,1695.0,1451206.0,181792.0
schema_200_prepare,64,2760250.0,373416.0,-86.47,137754834.0,1925000.0,17191.0,1695.0,1451206.0,181792.0
schema_200_compile,1,376500.0,362750.0,-3.65,409042.0,425125.0,3674.0,3674.0,270213.0,270213.0
schema_200_cached_validate,1,7292.0,6292.0,-13.71,8792.0,7625.0,0.0,0.0,0.0,0.0
chat_models_1000,1,1676167.0,370833.0,-77.88,1864375.0,467667.0,6009.0,6009.0,2100022.0,2100022.0
configured_models_1000,1,11944959.0,3979625.0,-66.68,14093000.0,4407542.0,3.0,3.0,285.0,285.0
