tokenizer,input,bytes,tokens,rounds,encode_p50_ns,fast_p50_ns
deepseek-v4,multilingual,57344,11776,11,9076084,8616584
deepseek-v4,code,59392,16384,11,17685709,17357709
deepseek-v4,tool_schema,78227,16898,11,20078375,19430459
deepseek-v41,multilingual,57344,11776,11,8942958,8943458
deepseek-v41,code,59392,16384,11,17659708,17481208
deepseek-v41,tool_schema,78227,16898,11,20502625,20237000
qwen3.8,multilingual,57344,11776,11,5518417,5178459
qwen3.8,code,59392,17408,11,20368750,19471833
qwen3.8,tool_schema,78227,16788,11,22636250,22575458
kimi-k3,multilingual,57344,11776,11,8026417,7814083
kimi-k3,code,59392,16384,11,19621041,19542542
kimi-k3,tool_schema,78227,16129,11,19623166,19071500
glm5,multilingual,57344,12288,11,5684292,5349375
glm5,code,59392,15872,11,18646333,18550375
glm5,tool_schema,78227,15904,11,17532167,17588250
